Stop Name,GTFS Latitude,GTFS Longitude
Tottenville,40.512764,-74.251961
Arthur Kill,40.516578,-74.242096
Richmond Valley,40.519631,-74.229141
Pleasant Plains,40.52241,-74.217847
Prince's Bay,40.525507,-74.200064
Huguenot,40.533674,-74.191794
Annadale,40.54046,-74.178217
Eltingville,40.544601,-74.16457
Great Kills,40.551231,-74.151399
Bay Terrace,40.5564,-74.136907
Oakwood Heights,40.56511,-74.12632
New Dorp,40.57348,-74.11721
W 8 St-NY Aquarium,40.576127,-73.975939
Ocean Pkwy,40.576312,-73.968501
Coney Island-Stillwell Av,40.577422,-73.981233
Brighton Beach,40.577621,-73.961376
Grant City,40.578965,-74.109704
Rockaway Park-Beach 116 St,40.580903,-73.835592
Neptune Av,40.581011,-73.974574
Beach 105 St,40.583209,-73.827559
Jefferson Av,40.583591,-74.103338
Beach 98 St,40.585307,-73.820558
Sheepshead Bay,40.586896,-73.954155
Beach 90 St,40.588034,-73.813641
Bay 50 St,40.588841,-73.983765
Dongan Hills,40.588849,-74.09609
Avenue X,40.58962,-73.97425
Beach 67 St,40.590927,-73.796924
Beach 60 St,40.592374,-73.788522
86 St,40.592721,-73.97823
Beach 44 St,40.592943,-73.776013
Neck Rd,40.595246,-73.955161
Beach 36 St,40.595398,-73.768175
Avenue U,40.596063,-73.973357
Old Town,40.596612,-74.087368
Avenue U,40.597473,-73.979137
25 Av,40.597704,-73.986829
Avenue U,40.5993,-73.955929
Beach 25 St,40.600066,-73.761353
Bay Pkwy,40.601875,-73.993728
Grasmere,40.603117,-74.084087
Kings Hwy,40.603217,-73.972361
Kings Hwy,40.603923,-73.980353
Far Rockaway-Mott Av,40.603995,-73.755405
20 Av,40.604556,-73.998168
18 Av,40.607954,-74.001736
Broad Channel,40.608382,-73.815925
Kings Hwy,40.60867,-73.957734
Avenue P,40.608944,-73.973022
Bay Pkwy,40.611815,-73.981848
79 St,40.613501,-74.00061
Avenue N,40.61514,-73.974197
Bay Ridge-95 St,40.616622,-74.030876
20 Av,40.61741,-73.985026
Avenue M,40.617618,-73.959399
71 St,40.619589,-73.998864
18 Av,40.620671,-73.990414
Bay Pkwy,40.620769,-73.975264
Clifton,40.621319,-74.071402
86 St,40.622687,-74.028398
New Utrecht Av,40.624842,-73.996353
Avenue J,40.625039,-73.960803
Avenue I,40.625322,-73.976127
62 St,40.626472,-73.996895
Stapleton,40.627915,-74.075162
Avenue H,40.62927,-73.961639
77 St,40.629742,-74.02551
18 Av,40.629755,-73.976971
Fort Hamilton Pkwy,40.631386,-74.005351
55 St,40.631435,-73.995476
Flatbush Av-Brooklyn College,40.632836,-73.947642
Bay Ridge Av,40.634967,-74.023377
8 Av,40.635064,-74.011719
Newkirk Plaza,40.635082,-73.962793
Ditmas Av,40.636119,-73.978172
50 St,40.63626,-73.994791
Tompkinsville,40.636949,-74.074835
Newkirk Av-Little Haiti,40.639967,-73.948411
Fort Hamilton Pkwy,40.640914,-73.994304
Cortelyou Rd,40.640927,-73.963891
59 St,40.641362,-74.017881
St George,40.643748,-74.073643
Beverley Rd,40.644031,-73.964492
Church Av,40.644041,-73.979678
53 St,40.645069,-74.014034
Beverly Rd,40.645098,-73.948959
9 Av,40.646292,-73.994324
Canarsie-Rockaway Pkwy,40.646654,-73.90185
45 St,40.648939,-74.010006
Church Av,40.650527,-73.962982
East 105 St,40.650573,-73.899485
Fort Hamilton Pkwy,40.650782,-73.975776
Church Av,40.650843,-73.949575
36 St,40.655144,-74.003549
Parkside Av,40.655292,-73.961495
Winthrop St,40.656652,-73.9502
New Lots Av,40.658733,-73.899232
15 St-Prospect Park,40.660365,-73.979493
25 St,40.660397,-73.998091
Howard Beach-JFK Airport,40.660476,-73.830301
Saratoga Av,40.661453,-73.916327
Prospect Park,40.661614,-73.962246
Rockaway Av,40.662549,-73.908946
Sterling St,40.662742,-73.95085
Junius St,40.663515,-73.902447
Livonia Av,40.664038,-73.900571
Pennsylvania Av,40.664635,-73.894895
Sutter Av-Rutland Rd,40.664717,-73.92261
Prospect Av,40.665414,-73.992872
Van Siclen Av,40.665449,-73.889395
New Lots Av,40.666235,-73.884079
7 Av,40.666271,-73.980305
President St-Medgar Evers College,40.667883,-73.950683
Aqueduct-N Conduit Av,40.668234,-73.834058
Crown Hts-Utica Av,40.668897,-73.932942
Sutter Av,40.669367,-73.901975
Kingston Av,40.669399,-73.942161
Nostrand Av,40.669847,-73.950466
4 Av-9 St,40.670272,-73.989779
Botanic Garden,40.670343,-73.959245
Franklin Av-Medgar Evers College,40.670682,-73.958131
4 Av-9 St,40.670847,-73.988302
Eastern Pkwy-Brooklyn Museum,40.671987,-73.964375
Aqueduct Racetrack,40.672097,-73.835919
Van Siclen Av,40.67271,-73.890358
Smith-9 Sts,40.67358,-73.995959
Shepherd Av,40.67413,-73.88075
Liberty Av,40.674542,-73.896548
Park Pl,40.674772,-73.957624
Grand Army Plaza,40.675235,-73.971046
Atlantic Av,40.675345,-73.903097
Euclid Av,40.675377,-73.872106
Alabama Av,40.676992,-73.898654
Grant Av,40.677044,-73.86505
7 Av,40.67705,-73.972367
Union St,40.677316,-73.98311
Van Siclen Av,40.678024,-73.891688
Broadway Junction,40.678334,-73.905316
Rockaway Av,40.67834,-73.911946
Ralph Av,40.678822,-73.920786
Broadway Junction,40.678856,-73.90324
Utica Av,40.679364,-73.930729
80 St,40.679371,-73.858992
Broadway Junction,40.679498,-73.904512
88 St,40.679843,-73.85147
Kingston-Throop Avs,40.679921,-73.940858
Cleveland St,40.679947,-73.884639
Carroll St,40.680303,-73.995048
Rockaway Blvd,40.680429,-73.843853
Nostrand Av,40.680438,-73.950426
Franklin Av,40.680596,-73.955827
Bergen St,40.680829,-73.975098
Franklin Av,40.68138,-73.956848
Norwood Av,40.68141,-73.880039
104 St,40.681711,-73.837683
Bushwick Av-Aberdeen St,40.682829,-73.905249
Chauncey St,40.682893,-73.910456
Crescent St,40.683194,-73.873785
Clinton-Washington Avs,40.683263,-73.965838
Atlantic Av-Barclays Ctr,40.683666,-73.97881
111 St,40.684331,-73.832163
Atlantic Av-Barclays Ctr,40.684359,-73.977666
Atlantic Av-Barclays Ctr,40.68446,-73.97689
Ozone Park-Lefferts Blvd,40.685951,-73.825798
Lafayette Av,40.686113,-73.973946
Bergen St,40.686145,-73.990862
Halsey St,40.68637,-73.916559
Fulton St,40.687119,-73.975375
Clinton-Washington Avs,40.688089,-73.966839
Nevins St,40.688246,-73.980492
Hoyt-Schermerhorn Sts,40.688484,-73.985001
Wilson Av,40.688764,-73.904046
Classon Av,40.688873,-73.96007
Bedford-Nostrand Avs,40.689627,-73.953522
Gates Av,40.68963,-73.92227
Cypress Hills,40.689941,-73.87255
Hoyt St,40.690545,-73.985065
DeKalb Av,40.690635,-73.981824
75 St-Elderts Ln,40.691324,-73.867139
Jay St-MetroTech,40.69218,-73.985942
Jay St-MetroTech,40.692338,-73.987342
Borough Hall,40.692404,-73.990151
85 St-Forest Pkwy,40.692435,-73.86001
Borough Hall,40.693219,-73.989998
Kosciuszko St,40.693342,-73.928814
Woodhaven Blvd,40.693879,-73.851576
Court St,40.6941,-73.991777
Myrtle-Willoughby Avs,40.694568,-73.949046
104 St,40.695178,-73.84433
Halsey St,40.695602,-73.904084
Myrtle Av,40.697207,-73.935657
111 St,40.697418,-73.836345
Clark St,40.697466,-73.993086
Central Av,40.697857,-73.927397
Knickerbocker Av,40.698664,-73.919711
High St,40.699337,-73.990531
Myrtle-Wyckoff Avs,40.69943,-73.912385
Myrtle-Wyckoff Avs,40.699814,-73.911586
Flushing Av,40.70026,-73.941126
Flushing Av,40.700377,-73.950234
Sutphin Blvd-Archer Av-JFK Airport,40.700486,-73.807969
121 St,40.700492,-73.828294
York St,40.701397,-73.986751
South Ferry,40.702068,-74.013664
Jamaica Center-Parsons/Archer,40.702147,-73.801109
Jamaica-Van Wyck,40.702566,-73.816859
Seneca Av,40.702762,-73.90774
Whitehall St-South Ferry,40.703087,-74.012994
DeKalb Av,40.703811,-73.918425
Lorimer St,40.703869,-73.947408
Forest Av,40.704423,-73.903077
Bowling Green,40.704817,-74.014065
Sutphin Blvd,40.70546,-73.810708
Broadway,40.706092,-73.950308
Morgan Av,40.706152,-73.933147
Fresh Pond Rd,40.706186,-73.895877
Broad St,40.706476,-74.011056
Jefferson St,40.706607,-73.922913
Wall St,40.706821,-74.0091
Hewes St,40.70687,-73.953431
Rector St,40.70722,-74.013342
Rector St,40.707513,-74.013783
Wall St,40.707557,-74.011862
Parsons Blvd,40.707564,-73.803326
Montrose Av,40.707739,-73.93985
Marcy Av,40.708359,-73.957757
Briarwood,40.709179,-73.820574
Fulton St,40.709416,-74.006571
Fulton St,40.710197,-74.007691
Fulton St,40.710368,-74.009509
Fulton St,40.710374,-74.007582
169 St,40.71047,-73.793604
Cortlandt St,40.710668,-74.011029
Middle Village-Metropolitan Av,40.711396,-73.889601
WTC Cortlandt,40.711835,-74.012188
Grand St,40.711926,-73.94067
World Trade Center,40.712582,-74.009781
Jamaica-179 St,40.712646,-73.783817
Metropolitan Av,40.712792,-73.951418
Park Place,40.713051,-74.008811
Brooklyn Bridge-City Hall,40.713065,-74.004131
Chambers St,40.713243,-74.003401
City Hall,40.713282,-74.006978
East Broadway,40.713715,-73.990173
Lorimer St,40.714063,-73.950275
Chambers St,40.714111,-74.008585
Kew Gardens-Union Tpke,40.714441,-73.831008
Graham Av,40.714565,-73.944053
Chambers St,40.715478,-74.009266
Bedford Av,40.717304,-73.956872
Canal St,40.718092,-73.999892
Grand St,40.718267,-73.993753
Delancey St-Essex St,40.718315,-73.987437
75 Av,40.718331,-73.837324
Canal St,40.718383,-74.00046
Delancey St-Essex St,40.718611,-73.988114
Canal St,40.718803,-74.000193
Franklin St,40.719318,-74.006886
Canal St,40.719527,-74.001775
Bowery,40.72028,-73.993915
Canal St,40.720824,-74.005229
Forest Hills-71 Av,40.721691,-73.844521
Spring St,40.722301,-73.997141
Canal St,40.722854,-74.006277
2 Av,40.723402,-73.989938
Prince St,40.724329,-73.997702
Nassau Av,40.724635,-73.951277
Broadway-Lafayette St,40.725297,-73.996204
Bleecker St,40.725915,-73.994659
Spring St,40.726227,-74.003739
67 Av,40.726523,-73.852719
Houston St,40.728251,-74.005367
63 Dr-Rego Park,40.729846,-73.861604
Astor Pl,40.730054,-73.99107
8 St-NYU,40.730328,-73.992629
1 Av,40.730953,-73.981628
Greenpoint Av,40.731352,-73.954449
W 4 St-Wash Sq,40.732338,-74.000495
3 Av,40.732849,-73.986122
Woodhaven Blvd,40.733106,-73.869229
Christopher St-Stonewall,40.733422,-74.002906
14 St-Union Sq,40.734673,-73.989951
14 St-Union Sq,40.734789,-73.99073
14 St-Union Sq,40.735736,-73.990568
Grand Av-Newtown,40.737015,-73.877223
6 Av,40.737335,-73.996786
14 St,40.737826,-74.000201
14 St,40.738228,-73.996209
8 Av,40.739777,-74.002578
23 St,40.739864,-73.986599
14 St,40.740893,-74.00169
18 St,40.74104,-73.997871
23 St,40.741303,-73.989344
Hunters Point Av,40.742216,-73.948916
Elmhurst Av,40.742454,-73.882017
Vernon Blvd-Jackson Av,40.742626,-73.953581
23 St,40.742878,-73.992821
28 St,40.74307,-73.984264
46 St-Bliss St,40.743132,-73.918435
40 St-Lowery St,40.743781,-73.924016
21 St,40.744065,-73.949724
23 St,40.744081,-73.995657
52 St,40.744149,-73.912549
33 St-Rawson St,40.744587,-73.930997
28 St,40.745494,-73.988691
61 St-Woodside,40.74563,-73.902984
23 St,40.745906,-73.998041
33 St,40.746081,-73.982076
69 St,40.746325,-73.896403
Court Sq,40.746554,-73.943832
Jackson Hts-Roosevelt Av,40.746644,-73.891338
74 St-Broadway,40.746848,-73.891394
Court Sq,40.747023,-73.945264
28 St,40.747215,-73.993365
82 St-Jackson Hts,40.747659,-73.883697
Court Sq-23 St,40.747846,-73.946
90 St-Elmhurst Av,40.748408,-73.876613
Queens Plaza,40.748973,-73.937243
Junction Blvd,40.749145,-73.869527
34 St-Herald Sq,40.749567,-73.98795
65 St,40.749669,-73.898453
34 St-Herald Sq,40.749719,-73.987823
103 St-Corona Plaza,40.749865,-73.8627
34 St-Penn Station,40.750373,-73.991057
Queensboro Plaza,40.750582,-73.940202
Grand Central-42 St,40.751431,-73.976041
111 St,40.75173,-73.855334
Grand Central-42 St,40.751776,-73.976848
36 St,40.752039,-73.928781
34 St-Penn Station,40.752287,-73.993391
Grand Central-42 St,40.752769,-73.979189
39 Av-Dutch Kills,40.752882,-73.932755
Northern Blvd,40.752885,-73.906006
5 Av,40.753821,-73.981963
21 St-Queensbridge,40.754203,-73.942836
42 St-Bryant Pk,40.754222,-73.984569
Mets-Willets Point,40.754622,-73.845625
Times Sq-42 St,40.754672,-73.986754
Times Sq-42 St,40.75529,-73.987495
Times Sq-42 St,40.755477,-73.987691
34 St-Hudson Yards,40.755882,-74.00191
Times Sq-42 St,40.755983,-73.986229
46 St,40.756312,-73.913333
36 Av,40.756804,-73.929575
Steinway St,40.756879,-73.92074
51 St,40.757107,-73.97192
42 St-Port Authority Bus Terminal,40.757308,-73.989735
Lexington Av/53 St,40.757552,-73.969055
47-50 Sts-Rockefeller Ctr,40.758663,-73.981329
Roosevelt Island,40.759145,-73.95326
Flushing-Main St,40.7596,-73.83003
49 St,40.759901,-73.984139
5 Av/53 St,40.760167,-73.975224
50 St,40.761728,-73.983849
Broadway,40.76182,-73.925508
50 St,40.762456,-73.985984
59 St,40.762526,-73.967967
Lexington Av/59 St,40.76266,-73.967258
7 Av,40.762862,-73.981637
57 St,40.763972,-73.97745
Lexington Av/63 St,40.764629,-73.966113
57 St-7 Av,40.764664,-73.980658
5 Av/59 St,40.764811,-73.973347
30 Av,40.766779,-73.921479
68 St-Hunter College,40.768141,-73.96387
59 St-Columbus Circle,40.768247,-73.981929
59 St-Columbus Circle,40.768296,-73.981736
72 St,40.768799,-73.958424
Astoria Blvd,40.770258,-73.917843
66 St-Lincoln Center,40.77344,-73.982209
77 St,40.77362,-73.959874
Astoria-Ditmars Blvd,40.775036,-73.912034
72 St,40.775594,-73.97641
86 St,40.777891,-73.951787
72 St,40.778453,-73.98197
86 St,40.779492,-73.955589
81 St-Museum of Natural History,40.781433,-73.972143
79 St,40.783934,-73.979917
96 St,40.784318,-73.947152
96 St,40.785672,-73.95107
86 St,40.785868,-73.968916
86 St,40.788644,-73.976218
103 St,40.7906,-73.947478
96 St,40.791642,-73.964696
96 St,40.793919,-73.972323
110 St,40.79502,-73.94425
103 St,40.796092,-73.961454
116 St,40.798629,-73.941617
Central Park North (110 St),40.799075,-73.951822
103 St,40.799446,-73.968379
Cathedral Pkwy (110 St),40.800603,-73.958161
116 St,40.802098,-73.949625
Cathedral Pkwy (110 St),40.803967,-73.966847
125 St,40.804138,-73.937594
116 St,40.805085,-73.954882
Cypress Av,40.805368,-73.914042
Brook Av,40.807566,-73.91924
116 St-Columbia University,40.807722,-73.96411
125 St,40.807754,-73.945495
E 143 St-St Mary's St,40.808719,-73.907657
3 Av-138 St,40.810476,-73.926138
125 St,40.811109,-73.952343
E 149 St,40.812118,-73.904098
138 St-Grand Concourse,40.813224,-73.929849
135 St,40.814229,-73.94077
125 St,40.815581,-73.958372
Longwood Av,40.816104,-73.896435
3 Av-149 St,40.816109,-73.917757
Jackson Av,40.81649,-73.907807
135 St,40.817894,-73.947649
149 St-Grand Concourse,40.818375,-73.927351
149 St-Grand Concourse,40.81841,-73.926718
Prospect Av,40.819585,-73.90177
145 St,40.820421,-73.936245
Hunts Point Av,40.820948,-73.890549
137 St-City College,40.822008,-73.953676
Intervale Av,40.822181,-73.896736
Harlem-148 St,40.82388,-73.93647
Simpson St,40.824073,-73.893064
145 St,40.824783,-73.944216
Whitlock Av,40.826525,-73.886283
145 St,40.826551,-73.95036
161 St-Yankee Stadium,40.827905,-73.925651
161 St-Yankee Stadium,40.827994,-73.925831
Elder Av,40.828584,-73.879159
Morrison Av-Soundview,40.829521,-73.874516
Freeman St,40.829993,-73.891865
155 St,40.830135,-73.938209
155 St,40.830518,-73.941514
St Lawrence Av,40.831509,-73.867618
Parkchester,40.833226,-73.860816
167 St,40.833771,-73.91844
157 St,40.834041,-73.94489
Castle Hill Av,40.834255,-73.851222
167 St,40.835537,-73.9214
163 St-Amsterdam Av,40.836013,-73.939892
Zerega Av,40.836488,-73.847036
174 St,40.837288,-73.887734
170 St,40.839306,-73.9134
Westchester Sq-E Tremont Av,40.839892,-73.842952
170 St,40.840075,-73.917791
West Farms Sq-E Tremont Av,40.840295,-73.880049
168 St-Washington Hts,40.840556,-73.940133
168 St,40.840719,-73.939561
E 180 St,40.841894,-73.873488
Middletown Rd,40.843863,-73.836322
Mt Eden Av,40.844434,-73.914685
174-175 Sts,40.8459,-73.910136
Buhre Av,40.84681,-73.832569
175 St,40.847391,-73.939704
176 St,40.84848,-73.911794
Bronx Park East,40.848828,-73.868457
181 St,40.849505,-73.933596
Tremont Av,40.85041,-73.905227
181 St,40.851695,-73.937969
Pelham Bay Park,40.852462,-73.828121
Burnside Av,40.853453,-73.907684
Morris Park,40.854364,-73.860495
191 St,40.855225,-73.929412
182-183 Sts,40.856093,-73.900741
Pelham Pkwy,40.857192,-73.867615
183 St,40.858407,-73.903879
Pelham Pkwy,40.858985,-73.855359
190 St,40.859022,-73.93418
Dyckman St,40.860531,-73.925536
Fordham Rd,40.861296,-73.897749
Fordham Rd,40.862803,-73.901034
207 St,40.864621,-73.918822
Allerton Av,40.865462,-73.867352
Dyckman St,40.865491,-73.927271
Kingsbridge Rd,40.866978,-73.893509
Kingsbridge Rd,40.86776,-73.897174
Inwood-207 St,40.868072,-73.919899
215 St,40.869444,-73.915279
Gun Hill Rd,40.869526,-73.846384
Burke Av,40.871356,-73.867164
Bedford Park Blvd,40.873244,-73.887138
Bedford Park Blvd-Lehman College,40.873412,-73.890064
Marble Hill-225 St,40.874561,-73.909831
Norwood-205 St,40.874811,-73.878855
Gun Hill Rd,40.87785,-73.866256
Baychester Av,40.878663,-73.838591
231 St,40.878856,-73.904834
Mosholu Pkwy,40.87975,-73.884655
219 St,40.883895,-73.862633
238 St,40.884667,-73.90087
Woodlawn,40.886037,-73.878751
225 St,40.888022,-73.860341
Eastchester-Dyre Av,40.8883,-73.830834
Van Cortlandt Park-242 St,40.889248,-73.898583
233 St,40.893193,-73.857473
Nereid Av,40.898379,-73.854376
Wakefield-241 St,40.903125,-73.85062
